{"bias": 1.952969482056007, "weight": 3.5158994312962406}